time,source,raw_x,raw_y,corrected_x,corrected_y,target_x,target_y,raw_error_px,corrected_error_px,frames,learned,reason
1790474372.35,touchpad,1191,80,1191,80,1119,55,76,76,9,True,ok
1790474372.85,touchpad,1192,72,1156,60,1119,55,75,37,9,True,ok
1790474373.05,touchpad,1178,61,1130,47,1119,55,60,14,9,True,ok
1790474373.75,touchpad,1092,30,1043,19,1119,55,37,84,4,True,ok
1790474373.96,touchpad,,,,,1119,55,,,0,False,no gaze data (eyes closed / no face?)
1790474379.36,touchpad,2301,-354,2301,-354,1881,6,553,553,9,False,error too big
1790474386.88,touchpad,1244,-126,1212,-131,1108,40,215,200,9,True,ok
1790474387.08,touchpad,1226,-122,1171,-87,1108,40,200,142,9,True,ok
1790474389.29,touchpad,1536,-8,1488,28,1901,4,365,414,9,True,ok
1790474391.11,touchpad,1834,-32,1919,-26,1873,31,74,74,9,True,ok
1790474395.88,touchpad,1098,391,1073,392,1081,415,29,24,9,True,ok
1790474396.09,touchpad,1114,374,1091,382,1081,415,53,34,9,True,ok
1790474396.21,touchpad,1130,370,1104,386,1081,415,67,37,8,True,ok
1790474398.06,touchpad,1849,113,1907,139,1879,12,106,130,7,True,ok
1790474408.87,touchpad,1192,331,1161,351,1146,361,55,18,9,True,ok
1790474409.11,touchpad,1196,297,1162,319,1146,361,81,45,9,True,ok
1790474410.01,touchpad,1191,240,1154,266,1125,387,161,124,5,True,ok
1790474410.19,touchpad,,,,,1125,387,,,0,False,no gaze data (eyes closed / no face?)
1790474431.47,touchpad,1380,107,1369,144,1874,19,502,521,8,False,error too big
1790474445.02,touchpad,1128,6,1081,48,1103,52,52,23,9,True,ok
1790474445.23,touchpad,1152,-4,1107,40,1103,52,75,13,10,True,ok
1790474445.36,touchpad,1168,-11,1123,35,1103,52,91,27,9,True,ok
1790474449.54,touchpad,364,-294,364,-294,240,23,341,341,6,True,ok
1790474455.73,touchpad,2296,109,2300,105,1781,9,525,528,9,False,error too big
1790474457.00,touchpad,,,,,1741,29,,,2,False,no gaze data (eyes closed / no face?)
1790474460.27,touchpad,1633,846,1633,847,1377,1041,322,321,3,True,ok
1790474462.80,touchpad,1342,-508,1321,-473,1826,21,717,707,9,False,error too big
1790474471.10,touchpad,2451,-153,2451,-153,1895,34,586,587,9,False,error too big
1790474471.30,touchpad,2401,-190,2402,-190,1895,34,553,554,10,False,error too big
1790474472.84,touchpad,2352,-22,2354,-24,1877,25,477,479,10,False,error too big
1790474491.27,touchpad,208,611,208,611,434,408,304,304,10,True,ok
1790474491.46,touchpad,209,626,322,525,434,408,313,162,9,True,ok
1790474494.28,touchpad,2784,2,2784,2,1886,15,898,898,9,False,error too big
1790474494.46,touchpad,2918,-12,2919,-12,1886,15,1033,1033,8,False,error too big
1790474502.76,touchpad,-201,380,-177,357,5,394,207,186,8,True,ok
1790474502.97,touchpad,-179,394,-67,384,5,394,184,73,8,True,ok
1790474505.26,touchpad,2117,177,2131,161,1894,19,273,277,6,True,ok
1790474521.03,touchpad,1179,49,1134,94,1112,78,73,27,8,True,ok
1790474521.23,touchpad,1202,73,1157,116,1112,78,90,59,10,True,ok
1790474522.42,touchpad,1756,59,1811,47,1901,34,147,91,9,True,ok
1790474545.18,touchpad,642,310,641,312,608,414,110,107,7,True,ok
1790474545.39,touchpad,,,,,608,414,,,1,False,no gaze data (eyes closed / no face?)
1790474553.73,touchpad,1301,232,1261,270,1267,249,38,22,9,True,ok
1790474570.11,touchpad,1245,49,1199,89,1109,69,137,92,9,True,ok
1790474570.31,touchpad,1231,43,1178,82,1109,69,125,71,9,True,ok
1790474572.14,touchpad,1555,128,1583,143,1871,20,334,313,9,True,ok
1790474580.26,touchpad,428,356,471,337,425,386,30,67,8,True,ok
1790474580.46,touchpad,419,368,452,360,425,386,19,37,9,True,ok
1790474580.60,touchpad,423,369,448,368,425,386,17,29,9,True,ok
1790474582.37,touchpad,782,282,756,321,1884,2,1137,1172,10,False,error too big
1790474598.73,touchpad,1784,427,1811,406,1857,318,131,99,9,True,ok
1790474598.95,touchpad,1768,443,1809,396,1857,318,153,91,9,True,ok
1790474601.19,touchpad,,,,,1887,5,,,0,False,no gaze data (eyes closed / no face?)
1790474611.11,touchpad,,,,,284,14,,,0,False,no gaze data (eyes closed / no face?)
1790474968.96,touchpad,2248,-1086,2248,-1086,1776,11,1195,1195,4,False,error too big
1790474985.36,touchpad,1167,-139,1167,-139,1103,34,185,185,9,True,ok
1790474985.55,touchpad,1162,-115,1130,-29,1103,34,160,68,9,True,ok
1790474987.55,touchpad,2386,-95,2386,-95,1875,8,521,521,6,False,error too big
1790474996.10,touchpad,2410,-74,2410,-74,1850,50,574,574,9,False,error too big
1790474996.32,touchpad,2434,-100,2434,-100,1850,50,603,603,9,False,error too big
1790475020.38,touchpad,,,,,1899,27,,,0,False,no gaze data (eyes closed / no face?)
1790475031.81,touchpad,973,424,971,428,1073,409,101,104,10,True,ok
1790475032.02,touchpad,941,445,990,439,1073,409,137,88,9,True,ok
1790475033.97,touchpad,1851,385,1851,385,1877,31,355,355,8,True,ok
1790475042.19,touchpad,,,,,43,401,,,2,False,no gaze data (eyes closed / no face?)
1790475042.42,touchpad,-758,548,-758,548,43,401,814,814,8,False,error too big
1790475044.67,touchpad,1693,327,1704,182,1902,23,369,254,9,True,ok
1790475044.87,touchpad,1733,314,1814,106,1902,23,337,121,3,True,ok
1790475046.61,touchpad,-757,542,-757,542,50,403,819,819,9,False,error too big
1790475049.93,touchpad,-666,423,-666,423,444,411,1110,1110,7,False,error too big
1790475071.51,touchpad,1249,463,1303,437,1190,668,213,257,9,True,ok
1790475071.74,touchpad,1187,468,1210,520,1190,668,200,149,9,True,ok
1790475073.37,touchpad,1893,293,1977,74,1880,35,259,104,8,True,ok
1790475102.05,touchpad,1428,102,1450,88,1212,661,600,620,9,False,error too big
1790475102.25,touchpad,1437,105,1462,82,1212,661,600,630,9,False,error too big
1790475104.01,touchpad,2275,19,2277,-5,1883,17,392,394,9,True,ok
1790475113.14,touchpad,,,,,1339,1053,,,0,False,no gaze data (eyes closed / no face?)
1790475727.18,touchpad,757,-223,757,-223,1419,149,759,759,9,False,error too big
1790475753.35,touchpad,146,-429,146,-429,1085,81,1069,1069,10,False,error too big
1790475753.56,touchpad,99,-420,99,-420,1085,81,1106,1106,5,False,error too big
1790475755.74,touchpad,6,-488,6,-488,1898,29,1961,1961,5,False,error too big
1790475772.34,touchpad,,,,,1076,169,,,0,False,no gaze data (eyes closed / no face?)
1790475782.44,touchpad,1094,1032,1094,1032,276,20,1302,1302,9,False,error too big
1790476146.69,touchpad,1516,111,1516,111,1060,44,461,461,10,False,error too big
1790476146.89,touchpad,1510,93,1510,93,1060,44,453,453,9,False,error too big
1790476148.80,touchpad,,,,,1896,23,,,1,False,no gaze data (eyes closed / no face?)
1790476154.70,touchpad,1084,544,1084,544,1095,415,129,129,9,True,ok
1790476154.90,touchpad,1079,561,1085,496,1095,415,147,82,9,True,ok
1790476157.31,touchpad,2083,305,2083,305,1870,30,348,348,9,True,ok
1790476166.73,touchpad,1154,744,1162,669,1177,690,58,26,8,True,ok
1790476166.94,touchpad,,,,,1177,690,,,2,False,no gaze data (eyes closed / no face?)
1790476167.84,touchpad,,,,,1177,690,,,2,False,no gaze data (eyes closed / no face?)
1790476169.13,touchpad,1564,468,1562,448,1885,30,542,528,9,False,error too big
1790476180.25,touchpad,1905,653,1877,617,1753,403,292,248,10,True,ok
1790476180.48,touchpad,1913,646,1827,510,1753,403,291,130,9,True,ok
1790476183.01,touchpad,1980,399,1867,237,1894,19,389,220,8,True,ok
1790476197.08,touchpad,1267,97,1268,85,1075,30,203,200,10,True,ok
1790476197.28,touchpad,1270,103,1180,64,1075,30,208,110,6,True,ok
1790476199.10,touchpad,1750,252,1681,111,1881,3,281,228,5,True,ok
1790476200.30,touchpad,1909,279,1860,67,1668,69,320,192,9,True,ok
1790476201.74,touchpad,1668,369,1626,200,1684,34,335,176,9,True,ok
1790476205.14,touchpad,2103,224,1994,23,1760,153,351,268,9,True,ok
1790476207.46,touchpad,,,,,1752,438,,,0,False,no gaze data (eyes closed / no face?)
1790476215.80,touchpad,1911,921,1842,805,1769,672,287,152,9,True,ok
1790476216.00,touchpad,1916,925,1821,763,1769,672,292,105,9,True,ok
1790476217.88,touchpad,2104,743,1999,563,1888,33,742,541,10,False,error too big
1790476228.09,touchpad,237,921,237,921,452,900,216,216,9,True,ok
1790476228.29,touchpad,238,932,346,921,452,900,216,108,9,True,ok
1790476230.22,touchpad,1423,338,1382,222,1870,33,541,523,9,False,error too big
1790476244.19,touchpad,492,626,540,618,836,652,345,298,9,True,ok
1790476244.39,touchpad,491,634,667,640,836,652,345,170,8,True,ok
1790476246.29,touchpad,1345,281,1272,196,1895,9,614,650,7,False,error too big
1790476264.34,touchpad,2885,535,2885,535,1682,178,1255,1255,9,False,error too big
1790476264.56,touchpad,2923,522,2923,522,1682,178,1287,1287,9,False,error too big
1790476266.94,touchpad,2972,541,2972,541,1879,28,1207,1207,9,False,error too big
1790476282.88,touchpad,1273,541,1271,458,1102,446,195,170,9,True,ok
1790476283.10,touchpad,1303,540,1258,454,1102,446,222,156,9,True,ok
1790476284.76,touchpad,1625,328,1590,139,1864,21,389,298,10,True,ok
1790476292.02,touchpad,1155,267,1067,193,1087,86,193,109,9,True,ok
1790476292.24,touchpad,1174,250,1087,154,1087,86,186,68,9,True,ok
1790476294.07,touchpad,1664,147,1675,-44,1897,18,267,231,9,True,ok
1790476299.90,touchpad,598,549,799,554,827,648,250,98,9,True,ok
1790476300.11,touchpad,527,553,748,584,827,648,315,102,8,True,ok
1790476301.78,touchpad,1075,468,1029,367,1862,21,905,901,8,False,error too big
1790476313.02,touchpad,1236,731,1190,653,1190,660,84,7,10,True,ok
1790476313.27,touchpad,1161,700,1122,620,1190,660,50,79,9,True,ok
1790476315.02,touchpad,1764,292,1772,80,1872,12,300,121,10,True,ok
1790476346.98,touchpad,1150,142,1056,43,1066,45,128,10,10,True,ok
1790476347.22,touchpad,1126,134,1034,37,1066,45,108,33,3,True,ok
1790476347.37,touchpad,,,,,1066,45,,,1,False,no gaze data (eyes closed / no face?)
1790476349.28,touchpad,1523,121,1546,-27,1882,26,372,340,10,True,ok
1790476353.60,touchpad,1606,131,1705,-32,1703,5,159,37,9,True,ok
1790476353.83,touchpad,1564,129,1656,-20,1703,5,187,53,9,True,ok
1790476354.54,touchpad,1599,133,1702,-20,1745,42,172,76,9,True,ok
1790476354.74,touchpad,1635,139,1742,-14,1745,42,147,56,9,True,ok
1790476356.53,touchpad,1836,243,1862,52,1902,18,235,53,9,True,ok
1790476361.19,touchpad,670,564,872,597,853,629,195,37,9,True,ok
1790476361.40,touchpad,639,540,847,583,853,629,231,46,9,True,ok
1790476363.36,touchpad,1266,237,1228,130,1890,7,665,673,10,False,error too big
1790476378.57,touchpad,1205,596,1162,512,1172,642,56,131,9,True,ok
1790476378.78,touchpad,1152,600,1117,531,1172,642,47,124,4,True,ok
1790476380.56,touchpad,1224,262,1175,164,1875,25,693,713,9,False,error too big
1790476389.83,touchpad,284,580,491,611,521,698,265,92,9,True,ok
1790476390.03,touchpad,273,577,484,626,521,698,276,81,8,True,ok
1790476391.91,touchpad,837,414,914,403,1867,12,1106,1030,8,False,error too big
1790476409.99,touchpad,1079,435,1045,362,1085,445,11,92,9,True,ok
1790476410.18,touchpad,1108,422,1072,354,1085,445,33,92,10,True,ok
1790476412.10,touchpad,1791,270,1838,75,1889,36,254,64,9,True,ok
1790476421.09,touchpad,-71,416,-4,444,39,445,114,43,8,True,ok
1790476421.31,touchpad,-34,435,64,469,39,445,73,34,9,True,ok
1790476423.41,touchpad,1501,82,1588,-42,1887,14,392,304,9,True,ok
1790476427.83,touchpad,1841,98,1903,-72,1879,6,100,81,9,True,ok
1790476428.07,touchpad,1726,87,1831,-63,1879,6,173,84,9,True,ok
1790476430.21,touchpad,1680,3,1804,-122,1873,19,193,157,9,True,ok
1790476440.79,touchpad,1085,166,1029,85,1068,66,102,43,8,True,ok
1790476441.00,touchpad,1084,151,1033,67,1068,66,86,36,9,True,ok
1790476442.89,touchpad,1647,68,1777,-54,1872,16,231,118,9,True,ok
1790476457.48,touchpad,646,455,836,505,805,668,266,166,9,True,ok
1790476457.70,touchpad,526,403,728,482,805,668,384,201,9,True,ok
1790476459.74,touchpad,1265,125,1258,35,1880,20,624,622,9,False,error too big
1790476477.86,touchpad,300,447,505,533,427,541,158,79,8,True,ok
1790476478.08,touchpad,234,477,415,555,427,541,203,18,8,True,ok
1790476485.16,touchpad,1820,44,1918,-83,1885,5,76,94,9,True,ok
1790476502.76,touchpad,1043,132,995,52,994,53,93,2,9,True,ok
1790476502.97,touchpad,919,162,890,100,994,53,133,114,9,True,ok
1790476503.49,touchpad,727,159,788,160,1106,31,400,343,9,True,ok
1790476503.69,touchpad,698,146,833,129,1106,31,424,290,9,False,error too big
1790476505.91,touchpad,1569,117,1700,1,1881,19,327,182,9,True,ok
1790476517.41,touchpad,998,672,1008,639,1223,652,226,215,9,True,ok
1790476517.62,touchpad,1027,669,1051,634,1223,652,196,173,9,True,ok
1790476519.54,touchpad,1695,283,1800,122,1898,2,346,155,9,True,ok
1790476529.92,touchpad,1588,481,1652,311,1646,304,187,9,9,True,ok
1790476530.12,touchpad,1520,417,1594,266,1646,304,169,65,9,True,ok
1790476531.85,touchpad,1391,260,1455,148,1882,27,543,444,9,False,error too big
1790476549.44,touchpad,88,580,240,634,500,653,419,261,6,False,error too big
1790476549.65,touchpad,,,,,500,653,,,0,False,no gaze data (eyes closed / no face?)
1790476552.30,touchpad,1463,56,1585,-46,1869,36,407,295,9,False,error too big
1790476565.46,touchpad,174,852,347,871,406,900,237,65,9,True,ok
1790476565.66,touchpad,197,856,385,881,406,900,214,29,10,True,ok
1790476567.81,touchpad,1539,159,1675,35,1874,36,357,199,10,True,ok
1790476577.79,touchpad,1125,455,1118,397,1107,424,36,29,10,True,ok
1790476577.97,touchpad,1077,442,1076,388,1107,424,35,48,9,True,ok
1790476579.64,touchpad,1265,223,1274,133,1885,8,656,623,10,False,error too big
1790476587.06,touchpad,935,612,997,593,1197,636,263,205,10,True,ok
1790476587.26,touchpad,940,629,1018,612,1197,636,258,180,4,True,ok
1790476589.42,touchpad,1579,106,1733,-14,1906,26,337,178,10,True,ok
1790476617.02,touchpad,1107,229,1091,153,1085,62,168,91,10,True,ok
1790476617.22,touchpad,1096,196,1078,112,1085,62,135,51,10,True,ok
1790476622.72,touchpad,2110,106,2059,-33,1883,22,242,184,8,True,ok
1790476624.42,touchpad,1172,380,1167,309,1140,369,33,65,9,True,ok
1790476624.87,touchpad,1037,422,1056,372,1103,397,71,53,9,True,ok
1790476625.07,touchpad,1062,412,1076,359,1103,397,44,46,9,True,ok
1790476633.18,touchpad,2093,148,2020,6,1882,11,252,138,9,True,ok
1790476635.71,touchpad,,,,,1176,641,,,2,False,no gaze data (eyes closed / no face?)
1790476635.90,touchpad,1093,515,1118,474,1176,641,150,177,8,True,ok
1790476641.27,touchpad,1869,166,1930,15,1910,35,138,28,9,True,ok
1790476652.14,touchpad,1124,644,1160,615,1175,657,52,44,8,True,ok
1790476652.34,touchpad,1084,657,1131,634,1175,657,91,49,9,True,ok
1790476654.05,touchpad,1660,517,1720,339,1903,10,562,376,9,False,error too big
1790476672.41,touchpad,566,615,784,690,787,677,229,13,9,True,ok
1790476672.62,touchpad,583,641,799,710,789,687,211,26,8,True,ok
1790476673.49,touchpad,570,566,785,640,789,687,251,47,8,True,ok
1790476674.42,touchpad,650,577,851,645,793,667,169,62,10,True,ok
1790476674.64,touchpad,652,598,850,666,793,667,157,57,10,True,ok
1790476675.71,touchpad,710,638,890,694,836,680,133,56,8,True,ok
1790476675.95,touchpad,719,646,894,699,836,680,122,61,8,True,ok
1790476696.21,touchpad,-682,297,-680,297,116,403,805,803,10,False,error too big
1790476708.63,touchpad,-779,417,-778,417,112,755,953,952,8,False,error too big
1790476724.10,touchpad,-251,690,-191,704,89,929,416,359,6,False,error too big
1790476733.30,touchpad,-345,597,-307,606,91,685,445,406,8,False,error too big
1790476751.45,touchpad,2500,260,2420,207,1873,29,669,575,10,False,error too big
1790476762.65,touchpad,984,635,1063,627,800,666,187,266,10,True,ok
1790476762.86,touchpad,928,639,1012,643,800,666,130,213,7,True,ok
1790476777.58,touchpad,102,695,279,741,106,698,5,178,9,True,ok
1790476787.02,touchpad,1718,172,1846,30,1890,24,227,45,10,True,ok
1790476808.30,touchpad,-108,196,-49,214,240,37,383,338,9,True,ok
1790476816.21,touchpad,2062,96,2009,-38,1889,14,191,131,4,True,ok
1790487212.40,touchpad,-468,492,-468,492,1411,1049,1959,1959,8,False,error too big
1790487213.13,touchpad,-143,550,-143,550,1413,1048,1633,1633,7,False,error too big
1790487223.65,touchpad,-562,701,-562,701,281,14,1087,1087,10,False,error too big
1790487344.99,touchpad,738,102,738,102,1090,33,359,359,9,True,ok
1790487357.69,touchpad,732,215,893,184,1104,413,422,311,10,False,error too big
1790487362.59,touchpad,952,70,1078,46,1659,130,709,587,9,False,error too big
1790487367.94,touchpad,896,348,986,330,785,658,329,384,9,True,ok
1790487375.63,touchpad,1219,336,1204,399,1741,675,622,604,9,False,error too big
1790487379.44,touchpad,313,96,345,91,1081,52,770,737,9,False,error too big
1790487381.75,touchpad,-840,190,-840,190,302,38,1152,1152,9,False,error too big
1790487382.25,touchpad,-693,244,-693,244,304,13,1023,1023,6,False,error too big
1790488434.05,touchpad,232,356,232,356,286,28,332,332,10,True,ok
1790488776.28,touchpad,1468,651,1468,651,1207,671,262,262,9,True,ok
1790488776.45,touchpad,1461,650,1330,659,1207,671,255,124,8,True,ok
1790488778.40,touchpad,2535,404,2535,404,1884,8,762,762,9,False,error too big
1790488785.24,touchpad,1257,543,1128,554,790,665,483,356,9,False,error too big
1790488785.39,touchpad,1254,552,1124,563,790,665,477,349,9,False,error too big
1790488786.96,touchpad,1569,553,1413,565,1885,13,625,727,10,False,error too big
1790488802.83,touchpad,1188,795,1092,802,1177,690,105,141,9,True,ok
1790488802.99,touchpad,1186,787,1122,751,1177,690,97,82,8,True,ok
1790488804.94,touchpad,1815,497,1753,502,1889,21,482,500,9,False,error too big
1790488836.56,touchpad,1858,1088,1851,1089,1868,940,149,149,8,True,ok
1790488836.72,touchpad,1950,1105,1954,1036,1868,940,185,128,9,True,ok
1790488838.74,touchpad,2525,555,2525,555,1889,19,832,832,7,False,error too big
1790488850.44,touchpad,171,473,195,326,0,400,186,208,9,True,ok
1790488850.61,touchpad,171,477,125,358,0,400,188,132,9,True,ok
1790488853.67,touchpad,1512,49,1507,49,1869,13,358,364,9,True,ok
1790488877.21,touchpad,1311,611,1204,588,1096,433,279,189,9,True,ok
1790488877.38,touchpad,1306,608,1177,551,1096,433,273,142,9,True,ok
1790488878.93,touchpad,1546,611,1383,570,1873,18,677,738,8,False,error too big
1790488890.78,touchpad,2226,707,2222,695,1636,141,817,806,9,False,error too big
1790488890.95,touchpad,2307,725,2305,717,1636,141,889,883,9,False,error too big
1790488895.11,touchpad,3125,572,3125,572,1867,12,1377,1377,9,False,error too big
1790488907.13,touchpad,557,586,529,539,441,523,132,90,9,True,ok
1790488907.29,touchpad,546,593,482,539,441,523,126,44,10,True,ok
1790488910.91,touchpad,2293,441,2293,440,1883,19,588,588,9,False,error too big
1790488920.38,touchpad,796,695,745,651,769,658,46,25,9,True,ok
1790488920.55,touchpad,783,691,738,650,769,658,36,32,9,True,ok
1790488922.20,touchpad,1114,555,1020,476,1897,16,951,990,9,False,error too big
1790488930.62,touchpad,1937,446,1923,443,1760,48,435,428,9,False,error too big
1790488930.80,touchpad,1926,427,1913,425,1760,48,414,407,9,False,error too big
1790488932.29,touchpad,1869,388,1855,385,1888,23,366,363,12,True,ok
1790488953.63,touchpad,1587,852,1471,810,1681,638,234,272,9,True,ok
1790488953.77,touchpad,1601,865,1545,777,1681,638,241,194,9,True,ok
1790488955.45,touchpad,1790,671,1760,558,1881,23,654,548,6,False,error too big
1790488968.08,touchpad,1945,746,1942,643,1661,287,540,454,9,False,error too big
1790488968.35,touchpad,1904,725,1899,615,1661,287,501,405,9,False,error too big
1790488969.82,touchpad,2154,663,2154,607,1875,17,703,652,10,False,error too big
1790488980.38,touchpad,-1916,-219,-1916,-219,60,22,1991,1991,9,False,error too big
1790488981.82,touchpad,-2393,-451,-2393,-451,436,168,2896,2896,9,False,error too big
1790488992.10,touchpad,37,366,-31,264,61,410,50,172,9,True,ok
1790488992.29,touchpad,21,394,-26,332,61,410,43,117,9,True,ok
1790488993.97,touchpad,1254,415,1139,339,1862,29,721,786,11,False,error too big
1790488995.03,touchpad,1149,123,1183,107,111,25,1043,1075,9,False,error too big
1790488997.47,touchpad,1395,746,1291,656,1642,673,258,351,9,True,ok
1790489010.20,touchpad,2215,661,2214,623,1847,133,643,613,9,False,error too big
1790489010.36,touchpad,2220,651,2220,614,1847,133,638,608,10,False,error too big
1790489011.77,touchpad,2329,665,2329,652,1901,23,772,761,10,False,error too big
1790489022.63,touchpad,1608,505,1534,422,1077,57,695,585,9,False,error too big
1790489022.79,touchpad,1599,497,1524,415,1077,57,683,573,9,False,error too big
1790489024.33,touchpad,1600,421,1542,337,1866,7,492,462,11,False,error too big
1790489030.91,touchpad,1270,475,1169,394,1104,385,188,66,9,True,ok
1790489031.08,touchpad,1262,470,1149,387,1104,385,179,45,9,True,ok
1790489032.76,touchpad,1642,508,1569,418,1881,20,544,506,10,False,error too big
1790489041.42,touchpad,399,755,336,707,390,917,162,217,3,True,ok
1790489041.58,touchpad,,,,,390,917,,,0,False,no gaze data (eyes closed / no face?)
1790489043.19,touchpad,987,479,914,418,1880,31,999,1040,11,False,error too big
1790489050.35,touchpad,340,834,301,857,466,903,143,171,9,True,ok
1790489050.51,touchpad,349,847,354,884,466,903,130,114,7,True,ok
1790489052.23,touchpad,993,769,954,706,1856,12,1148,1138,9,False,error too big
1790489063.38,touchpad,591,580,548,556,254,761,383,359,9,True,ok
1790489063.55,touchpad,576,612,492,625,254,761,355,274,6,True,ok
1790489070.75,touchpad,2259,311,2261,267,1878,13,484,460,9,False,error too big
1790489077.92,touchpad,460,794,413,841,428,891,103,52,9,True,ok
1790489078.11,touchpad,470,790,422,844,428,891,109,48,9,True,ok
1790489100.09,touchpad,2094,504,2099,390,1882,24,525,426,9,False,error too big
1790489110.60,touchpad,1805,497,1783,358,1760,26,474,332,8,False,error too big
1790489110.75,touchpad,1863,550,1851,409,1760,26,534,394,9,False,error too big
1790489112.30,touchpad,2028,599,2030,486,1875,26,593,486,11,False,error too big
1790489126.29,touchpad,,,,,12,152,,,2,False,no gaze data (eyes closed / no face?)
1790489126.46,touchpad,134,170,119,109,12,152,124,115,8,True,ok
1790489132.04,blink,1881,87,1927,5,1882,19,68,47,9,True,ok
1790489140.02,touchpad,1119,564,1022,484,820,632,306,250,9,True,ok
1790489140.25,touchpad,1146,552,1017,490,820,632,336,242,9,True,ok
1790489143.44,touchpad,1146,129,1101,107,1149,103,26,48,9,True,ok
1790489145.36,touchpad,,,,,1859,21,,,0,False,no gaze data (eyes closed / no face?)
1790489152.52,touchpad,4638,543,4638,543,492,75,4172,4172,10,False,error too big
1790489209.41,touchpad,,,,,340,214,,,0,False,no gaze data (eyes closed / no face?)
